År,Alternativer,Over20under66,Over66,Underholdskvote
2022.0,Hovedalternativ (MMM),3319573,870963,3.811382343452018
2023.0,Hovedalternativ (MMM),3345340,893054,3.7459548918654417
2024.0,Hovedalternativ (MMM),3361376,916300,3.6684230055658626
2025.0,Hovedalternativ (MMM),3369622,938468,3.5905560978104742
2026.0,Hovedalternativ (MMM),3377186,961524,3.5123262653870313
2027.0,Hovedalternativ (MMM),3386499,984584,3.439522681660478
2028.0,Hovedalternativ (MMM),3395915,1007015,3.3722586058797535
2029.0,Hovedalternativ (MMM),3406768,1029469,3.309247777252156
2030.0,Hovedalternativ (MMM),3417661,1052149,3.2482671180602747
2031.0,Hovedalternativ (MMM),3425966,1075581,3.185223614028139
2032.0,Hovedalternativ (MMM),3429804,1100838,3.1156300927111893
2033.0,Hovedalternativ (MMM),3431996,1126385,3.046912023863954
2034.0,Hovedalternativ (MMM),3431347,1152121,2.9782870028408475
2035.0,Hovedalternativ (MMM),3429925,1177394,2.913149718785725
2036.0,Hovedalternativ (MMM),3426175,1203640,2.8465114153733673
2037.0,Hovedalternativ (MMM),3421565,1229656,2.782538368454267
2038.0,Hovedalternativ (MMM),3415898,1253344,2.725427336788623
2039.0,Hovedalternativ (MMM),3407799,1277015,2.6685661484007626
2040.0,Hovedalternativ (MMM),3399272,1299851,2.615124348867678
2041.0,Hovedalternativ (MMM),3391577,1319716,2.569929439364227
2042.0,Hovedalternativ (MMM),3387221,1338762,2.5301143892641114
2043.0,Hovedalternativ (MMM),3384014,1354562,2.4982348537756116
2044.0,Hovedalternativ (MMM),3382394,1368002,2.4725066191423695
2045.0,Hovedalternativ (MMM),3382214,1379526,2.451721823292928
2046.0,Hovedalternativ (MMM),3380677,1392204,2.428291399823589
2047.0,Hovedalternativ (MMM),3379212,1404840,2.405407021440164
2048.0,Hovedalternativ (MMM),3377190,1418031,2.381605197629671
2049.0,Hovedalternativ (MMM),3376178,1430190,2.3606499835686168
2050.0,Hovedalternativ (MMM),3374024,1443308,2.337702001236049
2051.0,Hovedalternativ (MMM),3372575,1455644,2.3168954771908514
2052.0,Hovedalternativ (MMM),3371016,1468034,2.2962792414889575
2053.0,Hovedalternativ (MMM),3368900,1480985,2.2747698322400294
2054.0,Hovedalternativ (MMM),3365905,1494797,2.251747227215468
2055.0,Hovedalternativ (MMM),3362563,1508931,2.2284405317406826
2056.0,Hovedalternativ (MMM),3356792,1525519,2.20042621560269
2057.0,Hovedalternativ (MMM),3350630,1542588,2.172083537535622
2058.0,Hovedalternativ (MMM),3343012,1560556,2.1421929107318163
2059.0,Hovedalternativ (MMM),3335820,1577562,2.114541298535335
2060.0,Hovedalternativ (MMM),3329233,1593399,2.089390667372077
2061.0,Hovedalternativ (MMM),3323292,1608033,2.066681467357946
2062.0,Hovedalternativ (MMM),3317282,1622157,2.0449820824987963
2063.0,Hovedalternativ (MMM),3310732,1636247,2.023369332380747
2064.0,Hovedalternativ (MMM),3303395,1650564,2.0013734699169494
2065.0,Hovedalternativ (MMM),3296990,1663408,1.9820693419774342
2066.0,Hovedalternativ (MMM),3291519,1674792,1.9653300230715218
2067.0,Hovedalternativ (MMM),3285044,1686714,1.9475998894892672
2068.0,Hovedalternativ (MMM),3278229,1698560,1.9300048276186887
2069.0,Hovedalternativ (MMM),3273370,1708137,1.9163392631855642
2070.0,Hovedalternativ (MMM),3269273,1716662,1.904436050894119
2071.0,Hovedalternativ (MMM),3263925,1726220,1.8907931781580563
2072.0,Hovedalternativ (MMM),3257914,1736278,1.8763780915268178
2073.0,Hovedalternativ (MMM),3251802,1746281,1.8621298634068628
2074.0,Hovedalternativ (MMM),3244148,1757706,1.8456715741995533
2075.0,Hovedalternativ (MMM),3236758,1768744,1.8299753949695376
2076.0,Hovedalternativ (MMM),3227906,1781090,1.8123205452840676
2077.0,Hovedalternativ (MMM),3218414,1793920,1.7940677399215126
2078.0,Hovedalternativ (MMM),3210001,1805491,1.777910274822749
2079.0,Hovedalternativ (MMM),3203227,1815233,1.7646368262366319
2080.0,Hovedalternativ (MMM),3197108,1824074,1.7527293300600744
2081.0,Hovedalternativ (MMM),3192820,1830859,1.743891801607879
2082.0,Hovedalternativ (MMM),3189076,1836867,1.7361496504646226
2083.0,Hovedalternativ (MMM),3185959,1842003,1.7296166184311317
2084.0,Hovedalternativ (MMM),3183247,1846520,1.7239168814851722
2085.0,Hovedalternativ (MMM),3183019,1848350,1.722086725998864
2086.0,Hovedalternativ (MMM),3184414,1848361,1.7228312001822155
2087.0,Hovedalternativ (MMM),3186438,1847616,1.7246213498908864
2088.0,Hovedalternativ (MMM),3189858,1845378,1.7285661799371186
2089.0,Hovedalternativ (MMM),3190540,1845808,1.7285329785113077
2090.0,Hovedalternativ (MMM),3192614,1844818,1.7305848056556257
2091.0,Hovedalternativ (MMM),3194880,1843634,1.7329252986221777
2092.0,Hovedalternativ (MMM),3197120,1842498,1.7352094819098853
2093.0,Hovedalternativ (MMM),3199048,1841718,1.7369912223261108
2094.0,Hovedalternativ (MMM),3200424,1841507,1.7379374610034064
2095.0,Hovedalternativ (MMM),3201228,1841868,1.7380333444090457
2096.0,Hovedalternativ (MMM),3201465,1842789,1.737293309217713
2097.0,Hovedalternativ (MMM),3201242,1844139,1.7359006018526804
2098.0,Hovedalternativ (MMM),3200463,1845987,1.7337408118258688
2099.0,Hovedalternativ (MMM),3199095,1848325,1.7308076231182288
2100.0,Hovedalternativ (MMM),3197082,1851185,1.7270461893327786
2022.0,Høy fruktbarhet (HMM),3319573,870963,3.811382343452018
2023.0,Høy fruktbarhet (HMM),3345340,893054,3.7459548918654417
2024.0,Høy fruktbarhet (HMM),3361376,916300,3.6684230055658626
2025.0,Høy fruktbarhet (HMM),3369622,938468,3.5905560978104742
2026.0,Høy fruktbarhet (HMM),3377186,961524,3.5123262653870313
2027.0,Høy fruktbarhet (HMM),3386499,984584,3.439522681660478
2028.0,Høy fruktbarhet (HMM),3395915,1007015,3.3722586058797535
2029.0,Høy fruktbarhet (HMM),3406768,1029469,3.309247777252156
2030.0,Høy fruktbarhet (HMM),3417661,1052149,3.2482671180602747
2031.0,Høy fruktbarhet (HMM),3425966,1075581,3.185223614028139
2032.0,Høy fruktbarhet (HMM),3429804,1100838,3.1156300927111893
2033.0,Høy fruktbarhet (HMM),3431996,1126385,3.046912023863954
2034.0,Høy fruktbarhet (HMM),3431347,1152121,2.9782870028408475
2035.0,Høy fruktbarhet (HMM),3429925,1177394,2.913149718785725
2036.0,Høy fruktbarhet (HMM),3426175,1203640,2.8465114153733673
2037.0,Høy fruktbarhet (HMM),3421565,1229656,2.782538368454267
2038.0,Høy fruktbarhet (HMM),3415898,1253344,2.725427336788623
2039.0,Høy fruktbarhet (HMM),3407799,1277015,2.6685661484007626
2040.0,Høy fruktbarhet (HMM),3399272,1299851,2.615124348867678
2041.0,Høy fruktbarhet (HMM),3391577,1319716,2.569929439364227
2042.0,Høy fruktbarhet (HMM),3387221,1338762,2.5301143892641114
2043.0,Høy fruktbarhet (HMM),3387013,1354562,2.500448853577762
2044.0,Høy fruktbarhet (HMM),3389766,1368002,2.4778955001527776
2045.0,Høy fruktbarhet (HMM),3394997,1379526,2.4609880495184577
2046.0,Høy fruktbarhet (HMM),3399183,1392204,2.4415839920011724
2047.0,Høy fruktbarhet (HMM),3403393,1404840,2.4226196577546197
2048.0,Høy fruktbarhet (HMM),3407000,1418031,2.402627305044812
2049.0,Høy fruktbarhet (HMM),3411518,1430190,2.3853599871345765
2050.0,Høy fruktbarhet (HMM),3414875,1443308,2.3660057312784244
2051.0,Høy fruktbarhet (HMM),3418881,1455644,2.348706826669158
2052.0,Høy fruktbarhet (HMM),3422735,1468034,2.3315093519632377
2053.0,Høy fruktbarhet (HMM),3425990,1480985,2.3133185008626014
2054.0,Høy fruktbarhet (HMM),3428333,1494797,2.2935107576480283
2055.0,Høy fruktbarhet (HMM),3430286,1508931,2.273321974298361
2056.0,Høy fruktbarhet (HMM),3429783,1525519,2.24827288286806
2057.0,Høy fruktbarhet (HMM),3428877,1542588,2.222808034290426
2058.0,Høy fruktbarhet (HMM),3427477,1560556,2.1963178508172727
2059.0,Høy fruktbarhet (HMM),3426482,1577562,2.1720109891085104
2060.0,Høy fruktbarhet (HMM),3426064,1593399,2.1501607569729866
2061.0,Høy fruktbarhet (HMM),3426262,1608033,2.1307162228635854
2062.0,Høy fruktbarhet (HMM),3426363,1622157,2.112226498421546
2063.0,Høy fruktbarhet (HMM),3425894,1636247,2.093751126816428
2064.0,Høy fruktbarhet (HMM),3424603,1650564,2.0748077626799084
2065.0,Høy fruktbarhet (HMM),3424227,1663408,2.0585610986601
2066.0,Høy fruktbarhet (HMM),3424785,1674792,2.0449016952552914
2067.0,Høy fruktbarhet (HMM),3424356,1686714,2.03019361907235
2068.0,Høy fruktbarhet (HMM),3423664,1698560,2.015627354935946
2069.0,Høy fruktbarhet (HMM),3425029,1708137,2.005125467102463
2070.0,Høy fruktbarhet (HMM),3427338,1716662,1.9965130002295153
2071.0,Høy fruktbarhet (HMM),3428622,1726220,1.9862022221964755
2072.0,Høy fruktbarhet (HMM),3429528,1736278,1.9752182542196584
2073.0,Høy fruktbarhet (HMM),3430679,1746281,1.964562976977932
2074.0,Høy fruktbarhet (HMM),3430651,1757706,1.9517774872475828
2075.0,Høy fruktbarhet (HMM),3431276,1768744,1.9399506090197338
2076.0,Høy fruktbarhet (HMM),3430823,1781090,1.92624909465552
2077.0,Høy fruktbarhet (HMM),3430092,1793920,1.9120651980021406
2078.0,Høy fruktbarhet (HMM),3430759,1805491,1.9001806156884748
2079.0,Høy fruktbarhet (HMM),3433330,1815233,1.891399065574502
2080.0,Høy fruktbarhet (HMM),3436798,1824074,1.8841329902185986
2081.0,Høy fruktbarhet (HMM),3442288,1830859,1.8801491540309767
2082.0,Høy fruktbarhet (HMM),3448471,1836867,1.877365644872492
2083.0,Høy fruktbarhet (HMM),3455406,1842003,1.875895967596144
2084.0,Høy fruktbarhet (HMM),3462860,1846520,1.8753438901284578
2085.0,Høy fruktbarhet (HMM),3472885,1848350,1.8789109205507615
2086.0,Høy fruktbarhet (HMM),3484614,1848361,1.8852453606194894
2087.0,Høy fruktbarhet (HMM),3497046,1847616,1.8927342045100282
2088.0,Høy fruktbarhet (HMM),3510935,1845378,1.9025560074954833
2089.0,Høy fruktbarhet (HMM),3522149,1845808,1.9081881755848928
2090.0,Høy fruktbarhet (HMM),3532142,1847490,1.9118598747489837
2091.0,Høy fruktbarhet (HMM),3541141,1850208,1.913915084141891
2092.0,Høy fruktbarhet (HMM),3549209,1853907,1.9144482436281862
2093.0,Høy fruktbarhet (HMM),3556698,1858260,1.9139937360756838
2094.0,Høy fruktbarhet (HMM),3563679,1863154,1.9127130661233587
2095.0,Høy fruktbarhet (HMM),3570143,1868595,1.9106028861256719
2096.0,Høy fruktbarhet (HMM),3576126,1874531,1.9077443904635347
2097.0,Høy fruktbarhet (HMM),3581680,1880889,1.9042484697395752
2098.0,Høy fruktbarhet (HMM),3586754,1887710,1.9000556229505592
2099.0,Høy fruktbarhet (HMM),3591330,1894988,1.8951729509632778
2100.0,Høy fruktbarhet (HMM),3595377,1902759,1.889559844415399
2022.0,Høy innvandring (MMH),3319573,870963,3.811382343452018
2023.0,Høy innvandring (MMH),3365611,893161,3.7682019255207067
2024.0,Høy innvandring (MMH),3393443,916502,3.7026029403100047
2025.0,Høy innvandring (MMH),3413662,938794,3.6362205127003366
2026.0,Høy innvandring (MMH),3425883,961965,3.561338510236859
2027.0,Høy innvandring (MMH),3439975,985156,3.491807388880543
2028.0,Høy innvandring (MMH),3454568,1007739,3.4280384107392887
2029.0,Høy innvandring (MMH),3471009,1030353,3.3687571152799087
2030.0,Høy innvandring (MMH),3487820,1053217,3.3115872607449366
2031.0,Høy innvandring (MMH),3502406,1076853,3.2524457841506687
2032.0,Høy innvandring (MMH),3512723,1102346,3.1865884214212237
2033.0,Høy innvandring (MMH),3521675,1128148,3.121642727727213
2034.0,Høy innvandring (MMH),3528108,1154169,3.056838296644599
2035.0,Høy innvandring (MMH),3534044,1179765,2.9955491135946564
2036.0,Høy innvandring (MMH),3538002,1206374,2.9327571714907648
2037.0,Høy innvandring (MMH),3541380,1232804,2.872622087533785
2038.0,Høy innvandring (MMH),3544042,1256945,2.819568079748915
2039.0,Høy innvandring (MMH),3544575,1281113,2.766793405421692
2040.0,Høy innvandring (MMH),3544964,1304510,2.717467861495887
2041.0,Høy innvandring (MMH),3546445,1325003,2.676556204023689
2042.0,Høy innvandring (MMH),3551586,1344733,2.641108681054157
2043.0,Høy innvandring (MMH),3558032,1361291,2.613718888907662
2044.0,Høy innvandring (MMH),3566666,1375563,2.592877243717663
2045.0,Høy innvandring (MMH),3577335,1388011,2.577310266273106
2046.0,Høy innvandring (MMH),3587210,1401683,2.5592163135316617
2047.0,Høy innvandring (MMH),3597507,1415425,2.541644382429306
2048.0,Høy innvandring (MMH),3607576,1429829,2.5230821308002565
2049.0,Høy innvandring (MMH),3618934,1443308,2.5073885823400133
2050.0,Høy innvandring (MMH),3629363,1457876,2.489486760190853
2051.0,Høy innvandring (MMH),3640719,1471791,2.4736657582496426
2052.0,Høy innvandring (MMH),3652217,1485899,2.4579173954622755
2053.0,Høy innvandring (MMH),3663408,1500720,2.4411002718695025
2054.0,Høy innvandring (MMH),3673999,1516572,2.4225681339230842
2055.0,Høy innvandring (MMH),3684429,1532900,2.4035677474068757
2056.0,Høy innvandring (MMH),3692651,1551866,2.379490883877861
2057.0,Høy innvandring (MMH),3700697,1571510,2.354866975074928
2058.0,Høy innvandring (MMH),3707503,1592259,2.3284547300407787
2059.0,Høy innvandring (MMH),3714928,1612265,2.30416711892896
2060.0,Høy innvandring (MMH),3723120,1631358,2.2822213150025927
2061.0,Høy innvandring (MMH),3732128,1649495,2.26258824670581
2062.0,Høy innvandring (MMH),3741173,1667389,2.243731366825618
2063.0,Høy innvandring (MMH),3749804,1685458,2.2247982447500916
2064.0,Høy innvandring (MMH),3757790,1703966,2.2053198244565912
2065.0,Høy innvandring (MMH),3766847,1721195,2.1885068222949755
2066.0,Høy innvandring (MMH),3777088,1737073,2.1743979671550937
2067.0,Høy innvandring (MMH),3786590,1753567,2.159364312854884
2068.0,Høy innvandring (MMH),3796040,1770046,2.144599631873974
2069.0,Høy innvandring (MMH),3807723,1784302,2.1340126279071594
2070.0,Høy innvandring (MMH),3820436,1797579,2.1253230038846693
2071.0,Høy innvandring (MMH),3832141,1811985,2.1148856088764534
2072.0,Høy innvandring (MMH),3843360,1827057,2.1035796912739997
2073.0,Høy innvandring (MMH),3854622,1842296,2.0922924437766786
2074.0,Høy innvandring (MMH),3864519,1859111,2.0786919124248096
2075.0,Høy innvandring (MMH),3874910,1875669,2.0658815601260136
2076.0,Høy innvandring (MMH),3884118,1893632,2.051147213397323
2077.0,Høy innvandring (MMH),3892942,1912202,2.0358424476075228
2078.0,Høy innvandring (MMH),3903082,1929650,2.022689088694841
2079.0,Høy innvandring (MMH),3915078,1945389,2.0124910750497715
2080.0,Høy innvandring (MMH),3927946,1960382,2.0036635716916398
2081.0,Høy innvandring (MMH),3942839,1973449,1.9979431948836783
2082.0,Høy innvandring (MMH),3958462,1985878,1.9933057317720424
2083.0,Høy innvandring (MMH),3974901,1997581,1.9898572323224941
2084.0,Høy innvandring (MMH),3991917,2008790,1.9872246476734752
2085.0,Høy innvandring (MMH),4011587,2017449,1.9884453089024803
2086.0,Høy innvandring (MMH),4033042,2024428,1.9921884107510863
2087.0,Høy innvandring (MMH),4055277,2030776,1.9969100481786273
2088.0,Høy innvandring (MMH),4079038,2035767,2.003686079988525
2089.0,Høy innvandring (MMH),4100185,2043593,2.006360855610682
2090.0,Høy innvandring (MMH),4122955,2050038,2.011160280931378
2091.0,Høy innvandring (MMH),4145747,2056735,2.015693319751937
2092.0,Høy innvandring (MMH),4168343,2063941,2.0196037580531616
2093.0,Høy innvandring (MMH),4190520,2071872,2.022576684273932
2094.0,Høy innvandring (MMH),4212219,2080592,2.024529076339811
2095.0,Høy innvandring (MMH),4233498,2090037,2.0255612699679477
2096.0,Høy innvandring (MMH),4254338,2100204,2.0256784579021847
2097.0,Høy innvandring (MMH),4274895,2110933,2.025121119429181
2098.0,Høy innvandring (MMH),4295045,2122312,2.0237575813546735
2099.0,Høy innvandring (MMH),4314742,2134361,2.0215614884267468
2100.0,Høy innvandring (MMH),4333943,2147113,2.0184978620128518
2022.0,Høy levealder (MHM),3319573,870963,3.811382343452018
2023.0,Høy levealder (MHM),3345553,893996,3.7422460503178985
2024.0,Høy levealder (MHM),3361868,918518,3.6601002919921
2025.0,Høy levealder (MHM),3370440,942220,3.5771263611470783
2026.0,Høy levealder (MHM),3378346,967023,3.493552893778121
2027.0,Høy levealder (MHM),3388043,992007,3.4153418272250096
2028.0,Høy levealder (MHM),3397831,1016563,3.342469674776674
2029.0,Høy levealder (MHM),3409085,1041238,3.2740689448521856
2030.0,Høy levealder (MHM),3420384,1066309,3.207685577070061
2031.0,Høy levealder (MHM),3429107,1092270,3.1394316423594897
2032.0,Høy levealder (MHM),3433345,1120135,3.065117151057685
2033.0,Høy levealder (MHM),3435916,1148392,2.9919365512821408
2034.0,Høy levealder (MHM),3435646,1176953,2.9191021221748024
2035.0,Høy levealder (MHM),3434601,1205167,2.849896321422674
2036.0,Høy levealder (MHM),3431190,1234373,2.7797027316702487
2037.0,Høy levealder (MHM),3426920,1263603,2.712022684339939
2038.0,Høy levealder (MHM),3421543,1290400,2.6515367327960324
2039.0,Høy levealder (MHM),3413725,1317369,2.5913202754884925
2040.0,Høy levealder (MHM),3405456,1343395,2.53496253894052
2041.0,Høy levealder (MHM),3398022,1366399,2.486844618592373
2042.0,Høy levealder (MHM),3393920,1388809,2.443762965245761
2043.0,Høy levealder (MHM),3390945,1407858,2.408584530542143
2044.0,Høy levealder (MHM),3389558,1424672,2.3791848228925674
2045.0,Høy levealder (MHM),3389619,1439278,2.3550828957296646
2046.0,Høy levealder (MHM),3388324,1455357,2.328173774544665
2047.0,Høy levealder (MHM),3387069,1471312,2.3020739312939744
2048.0,Høy levealder (MHM),3385250,1487574,2.2756851087744208
2049.0,Høy levealder (MHM),3384431,1502818,2.252056469911859
2050.0,Høy levealder (MHM),3382461,1519290,2.226343226112197
2051.0,Høy levealder (MHM),3381177,1534765,2.203058448687584
2052.0,Høy levealder (MHM),3379801,1550214,2.180215763759068
2053.0,Høy levealder (MHM),3377822,1566181,2.1567251805506515
2054.0,Høy levealder (MHM),3374965,1583132,2.1318279208556206
2055.0,Høy levealder (MHM),3371732,1600388,2.1068215957630274
2056.0,Høy levealder (MHM),3366047,1619860,2.0779863691923994
2057.0,Høy levealder (MHM),3359966,1640017,2.0487385191738867
2058.0,Høy levealder (MHM),3352401,1661074,2.018212915258441
2059.0,Høy levealder (MHM),3345249,1681071,1.989951049063365
2060.0,Høy levealder (MHM),3338691,1699797,1.9641704274098613
2061.0,Høy levealder (MHM),3332779,1717262,1.9407516150709676
2062.0,Høy levealder (MHM),3326795,1734050,1.918511576944148
2063.0,Høy levealder (MHM),3320265,1750883,1.8963374480190853
2064.0,Høy levealder (MHM),3312928,1767770,1.8740718532388263
2065.0,Høy levealder (MHM),3306501,1783216,1.854234708526617
2066.0,Høy levealder (MHM),3301024,1796817,1.837150917427874
2067.0,Høy levealder (MHM),3294533,1811217,1.8189609527737427
2068.0,Høy levealder (MHM),3287683,1825382,1.8010931410521196
2069.0,Høy levealder (MHM),3282811,1836810,1.7872349344787974
2070.0,Høy levealder (MHM),3278695,1846988,1.7751577162385461
2071.0,Høy levealder (MHM),3273332,1858359,1.761409932096005
2072.0,Høy levealder (MHM),3267271,1870189,1.747027172120037
2073.0,Høy levealder (MHM),3261113,1881951,1.7328362959503196
2074.0,Høy levealder (MHM),3253389,1895227,1.716622336005133
2075.0,Høy levealder (MHM),3245933,1908305,1.700950843811655
2076.0,Høy levealder (MHM),3236991,1922708,1.683558293823087
2077.0,Høy levealder (MHM),3227412,1937628,1.6656509918312494
2078.0,Høy levealder (MHM),3218897,1951319,1.6496006034892297
2079.0,Høy levealder (MHM),3212034,1962974,1.6363100071626013
2080.0,Høy levealder (MHM),3205835,1973934,1.6240841892383433
2081.0,Høy levealder (MHM),3201471,1983385,1.6141450096678154
2082.0,Høy levealder (MHM),3197666,1991874,1.6053555596388125
2083.0,Høy levealder (MHM),3194461,1999391,1.59771700482797
2084.0,Høy levealder (MHM),3191689,2006197,1.5909150497184474
2085.0,Høy levealder (MHM),3191405,2010224,1.587586756500768
2086.0,Høy levealder (MHM),3192752,2012071,1.5867988753875981
2087.0,Høy levealder (MHM),3194748,2013409,1.5867357302962288
2088.0,Høy levealder (MHM),3198136,2013076,1.5886812022993668
2089.0,Høy levealder (MHM),3198777,2015030,1.587458747512444
2090.0,Høy levealder (MHM),3200806,2015823,1.5878407975303388
2091.0,Høy levealder (MHM),3203034,2016055,1.5887632033848282
2092.0,Høy levealder (MHM),3205236,2016565,1.5894533526070322
2093.0,Høy levealder (MHM),3207105,2016807,1.5901893438489652
2094.0,Høy levealder (MHM),3208438,2017658,1.5901793068993852
2095.0,Høy levealder (MHM),3209197,2018620,1.5897974854108252
2096.0,Høy levealder (MHM),3209380,2019841,1.5889270492083287
2097.0,Høy levealder (MHM),3209102,2022043,1.587059226732567
2098.0,Høy levealder (MHM),3208256,2024711,1.58455009134637
2099.0,Høy levealder (MHM),3206830,2028294,1.5810479151444514
2100.0,Høy levealder (MHM),3204748,2031915,1.577205739413312
2022.0,Høy nasjonal vekst (HHH),3319573,870963,3.811382343452018
2023.0,Høy nasjonal vekst (HHH),3365821,894100,3.764479364724304
2024.0,Høy nasjonal vekst (HHH),3393932,918719,3.6942002941051615
2025.0,Høy nasjonal vekst (HHH),3414472,942547,3.6226013132501613
2026.0,Høy nasjonal vekst (HHH),3427042,967462,3.542301403052523
2027.0,Høy nasjonal vekst (HHH),3441520,992580,3.467246972536219
2028.0,Høy nasjonal vekst (HHH),3456495,1017287,3.397757958176994
2029.0,Høy nasjonal vekst (HHH),3473342,1042130,3.332925834588775
2030.0,Høy nasjonal vekst (HHH),3490570,1067383,3.27021322243281
2031.0,Høy nasjonal vekst (HHH),3505578,1093547,3.205694862680799
2032.0,Høy nasjonal vekst (HHH),3516298,1121648,3.1349389469780182
2033.0,Høy nasjonal vekst (HHH),3525639,1150164,3.065335899923837
2034.0,Høy nasjonal vekst (HHH),3532464,1179019,2.9961043884788965
2035.0,Høy nasjonal vekst (HHH),3538775,1207561,2.9305144833263084
2036.0,Høy nasjonal vekst (HHH),3543085,1237137,2.8639390786954073
2037.0,Høy nasjonal vekst (HHH),3546808,1266781,2.7998588548454704
2038.0,Høy nasjonal vekst (HHH),3549781,1294039,2.743179301396635
2039.0,Høy nasjonal vekst (HHH),3550605,1321518,2.686762495857037
2040.0,Høy nasjonal vekst (HHH),3551284,1348114,2.634260900784355
2041.0,Høy nasjonal vekst (HHH),3553031,1371755,2.5901352646791884
2042.0,Høy nasjonal vekst (HHH),3558435,1394868,2.5510908559089462
2043.0,Høy nasjonal vekst (HHH),3568144,1414693,2.522203757281615
2044.0,Høy nasjonal vekst (HHH),3581451,1432365,2.500375951660366
2045.0,Høy nasjonal vekst (HHH),3597921,1447909,2.4849082366364184
2046.0,Høy nasjonal vekst (HHH),3613940,1465018,2.4668229332335847
2047.0,Høy nasjonal vekst (HHH),3630338,1482109,2.4494406281859162
2048.0,Høy nasjonal vekst (HHH),3646448,1499615,2.431589441289931
2049.0,Høy nasjonal vekst (HHH),3663771,1516217,2.4163896065009163
2050.0,Høy nasjonal vekst (HHH),3680123,1534181,2.3987541235356193
2051.0,Høy nasjonal vekst (HHH),3697338,1551291,2.3833942181060808
2052.0,Høy nasjonal vekst (HHH),3714673,1568514,2.3682753230127367
2053.0,Høy nasjonal vekst (HHH),3731644,1586408,2.352259948260473
2054.0,Høy nasjonal vekst (HHH),3747966,1605453,2.3345224058256453
2055.0,Høy nasjonal vekst (HHH),3764085,1624987,2.3163785310282483
2056.0,Høy nasjonal vekst (HHH),3777939,1646924,2.2939364536554208
2057.0,Høy nasjonal vekst (HHH),3791619,1669741,2.2707827142053767
2058.0,Høy nasjonal vekst (HHH),3805041,1693668,2.246627438199222
2059.0,Høy nasjonal vekst (HHH),3819071,1716777,2.2245585769147653
2060.0,Høy nasjonal vekst (HHH),3833857,1738868,2.20480047939234
2061.0,Høy nasjonal vekst (HHH),3849405,1759977,2.1871905144214954
2062.0,Høy nasjonal vekst (HHH),3865011,1780650,2.17056187347317
2063.0,Høy nasjonal vekst (HHH),3880164,1801617,2.153711915462609
2064.0,Høy nasjonal vekst (HHH),3894629,1822861,2.13654743834006
2065.0,Høy nasjonal vekst (HHH),3910175,1842864,2.1217924925550666
2066.0,Høy nasjonal vekst (HHH),3926918,1861149,2.1099428363876296
2067.0,Høy nasjonal vekst (HHH),3942956,1880323,2.0969567462611476
2068.0,Høy nasjonal vekst (HHH),3959014,1899325,2.0844321008779434
2069.0,Høy nasjonal vekst (HHH),3977473,1915657,2.076297061530326
2070.0,Høy nasjonal vekst (HHH),3997158,1930830,2.070176038284054
2071.0,Høy nasjonal vekst (HHH),4016093,1947304,2.062386252993883
2072.0,Høy nasjonal vekst (HHH),4034843,1964427,2.0539541555883725
2073.0,Høy nasjonal vekst (HHH),4054010,1981696,2.045727498062266
2074.0,Høy nasjonal vekst (HHH),4072209,2000666,2.0354267029079316
2075.0,Høy nasjonal vekst (HHH),4091325,2019589,2.025820600132007
2076.0,Høy nasjonal vekst (HHH),4109673,2039957,2.0145880525913045
2077.0,Høy nasjonal vekst (HHH),4128032,2060973,2.0029529741534704
2078.0,Høy nasjonal vekst (HHH),4148077,2080893,1.993411963037023
2079.0,Høy nasjonal vekst (HHH),4170316,2098944,1.986863870593975
2080.0,Høy nasjonal vekst (HHH),4193696,2116452,1.981474656642343
2081.0,Høy nasjonal vekst (HHH),4219367,2132616,1.9784935497060887
2082.0,Høy nasjonal vekst (HHH),4245957,2147997,1.9767052747280374
2083.0,Høy nasjonal vekst (HHH),4273533,2162541,1.9761627640816983
2084.0,Høy nasjonal vekst (HHH),4301830,2176530,1.976462534401088
2085.0,Høy nasjonal vekst (HHH),4332931,2187887,1.9804180928905377
2086.0,Høy nasjonal vekst (HHH),4365952,2197197,1.9870553254897034
2087.0,Høy nasjonal vekst (HHH),4399867,2206174,1.9943426946378662
2088.0,Høy nasjonal vekst (HHH),4435440,2213628,2.003697098157414
2089.0,Høy nasjonal vekst (HHH),4468467,2223540,2.009618446261367
2090.0,Høy nasjonal vekst (HHH),4500544,2235056,2.0136157662268865
2091.0,Høy nasjonal vekst (HHH),4531445,2247762,2.015980784442481
2092.0,Høy nasjonal vekst (HHH),4561212,2262230,2.0162459166397757
2093.0,Høy nasjonal vekst (HHH),4590292,2277128,2.01582519735386
2094.0,Høy nasjonal vekst (HHH),4618962,2292861,2.0144971718739164
2095.0,Høy nasjonal vekst (HHH),4647306,2308815,2.012853346846759
2096.0,Høy nasjonal vekst (HHH),4675328,2325130,2.0107813326566686
2097.0,Høy nasjonal vekst (HHH),4703136,2342602,2.007654736058451
2098.0,Høy nasjonal vekst (HHH),4730673,2360688,2.0039382586771315
2099.0,Høy nasjonal vekst (HHH),4757887,2379877,1.9992155056752934
2100.0,Høy nasjonal vekst (HHH),4784744,2399247,1.994269035243141
2022.0,Ingen flytting (MM0),3319573,870963,3.811382343452018
2023.0,Ingen flytting (MM0),3318021,893114,3.715114755787055
2024.0,Ingen flytting (MM0),3316147,916517,3.6182056633974056
2025.0,Ingen flytting (MM0),3315309,938930,3.5309437338246727
2026.0,Ingen flytting (MM0),3312904,962309,3.4426613489014444
2027.0,Ingen flytting (MM0),3311569,985760,3.3594069550397663
2028.0,Ingen flytting (MM0),3309940,1008665,3.2815057526532594
2029.0,Ingen flytting (MM0),3309376,1031661,3.2078134193305745
2030.0,Ingen flytting (MM0),3308583,1055001,3.1360946577301823
2031.0,Ingen flytting (MM0),3305197,1079169,3.0627241887044567
2032.0,Ingen flytting (MM0),3297348,1105233,2.9833962612408422
2033.0,Ingen flytting (MM0),3287736,1131676,2.9051919453977995
2034.0,Ingen flytting (MM0),3275164,1158345,2.8274512343041147
2035.0,Ingen flytting (MM0),3261837,1184608,2.753515931008401
2036.0,Ingen flytting (MM0),3246258,1211922,2.6786030784159376
2037.0,Ingen flytting (MM0),3229905,1239031,2.6067991842012024
2038.0,Ingen flytting (MM0),3212406,1263926,2.541609239781443
2039.0,Ingen flytting (MM0),3192375,1288815,2.4769846719661084
2040.0,Ingen flytting (MM0),3171688,1312908,2.415773230112087
2041.0,Ingen flytting (MM0),3151485,1333977,2.3624732660308236
2042.0,Ingen flytting (MM0),3134139,1354353,2.3141226844109326
2043.0,Ingen flytting (MM0),3117664,1371454,2.273254516739169
2044.0,Ingen flytting (MM0),3102174,1386139,2.2379963337010214
2045.0,Ingen flytting (MM0),3087128,1398917,2.2067985448743563
2046.0,Ingen flytting (MM0),3070074,1412938,2.1728299472446775
2047.0,Ingen flytting (MM0),3052549,1426941,2.139225798403718
2048.0,Ingen flytting (MM0),3033838,1441580,2.1045228152443847
2049.0,Ingen flytting (MM0),3015806,1454926,2.0728243223366687
2050.0,Ingen flytting (MM0),2996168,1469286,2.0391999923772497
2051.0,Ingen flytting (MM0),2976830,1482825,2.0075396624685986
2052.0,Ingen flytting (MM0),2957136,1496186,1.9764494521403086
2053.0,Ingen flytting (MM0),2936466,1510061,1.944600913473032
2054.0,Ingen flytting (MM0),2914724,1524545,1.9118648514802776
2055.0,Ingen flytting (MM0),2892928,1538870,1.8799040854653088
2056.0,Ingen flytting (MM0),2868827,1555368,1.8444683187515751
2057.0,Ingen flytting (MM0),2844714,1571772,1.809877005061803
2058.0,Ingen flytting (MM0),2819631,1588471,1.7750597902007654
2059.0,Ingen flytting (MM0),2795687,1603362,1.7436405502936954
2060.0,Ingen flytting (MM0),2773017,1616335,1.7156202148688235
2061.0,Ingen flytting (MM0),2751961,1627059,1.6913713639148917
2062.0,Ingen flytting (MM0),2731815,1636204,1.6696053792803343
2063.0,Ingen flytting (MM0),2711861,1644480,1.6490690066160731
2064.0,Ingen flytting (MM0),2691880,1652119,1.6293499439205046
2065.0,Ingen flytting (MM0),2673766,1657217,1.6134072966907773
2066.0,Ingen flytting (MM0),2657206,1660131,1.6006001935991798
2067.0,Ingen flytting (MM0),2639905,1663185,1.5872587835989382
2068.0,Ingen flytting (MM0),2622296,1665980,1.5740260987526862
2069.0,Ingen flytting (MM0),2606944,1666013,1.5647801067578704
2070.0,Ingen flytting (MM0),2592364,1664779,1.5571820644061465
2071.0,Ingen flytting (MM0),2576213,1664682,1.5475706471265984
2072.0,Ingen flytting (MM0),2559221,1664968,1.5370992115163775
2073.0,Ingen flytting (MM0),2542018,1665063,1.5266797712759217
2074.0,Ingen flytting (MM0),2522850,1666691,1.5136879001566577
2075.0,Ingen flytting (MM0),2503630,1667936,1.5010348118872667
2076.0,Ingen flytting (MM0),2482366,1670746,1.4857829975352328
2077.0,Ingen flytting (MM0),2460031,1674153,1.4694182670281628
2078.0,Ingen flytting (MM0),2438492,1676283,1.454701861201241
2079.0,Ingen flytting (MM0),2418494,1676392,1.4426780848393455
2080.0,Ingen flytting (MM0),2398911,1675648,1.4316318224352609
2081.0,Ingen flytting (MM0),2381056,1672763,1.4234269887605118
2082.0,Ingen flytting (MM0),2363431,1669306,1.4158165129700606
2083.0,Ingen flytting (MM0),2346109,1665264,1.4088510890765669
2084.0,Ingen flytting (MM0),2328883,1660935,1.4021518000403388
2085.0,Ingen flytting (MM0),2314135,1654014,1.3991024259770473
2086.0,Ingen flytting (MM0),2301100,1645372,1.3985287217723408
2087.0,Ingen flytting (MM0),2288764,1636117,1.3988999564212095
2088.0,Ingen flytting (MM0),2278221,1625242,1.4017733974386584
2089.0,Ingen flytting (MM0),2264904,1617410,1.4003276843842933
2090.0,Ingen flytting (MM0),2253302,1608197,1.401135557397508
2091.0,Ingen flytting (MM0),2242471,1598587,1.4027832079204947
2092.0,Ingen flytting (MM0),2232443,1588586,1.4053019477699036
2093.0,Ingen flytting (MM0),2222512,1578890,1.407642077662155
2094.0,Ingen flytting (MM0),2212392,1569756,1.4093859173017973
2095.0,Ingen flytting (MM0),2202088,1561131,1.4105722069448368
2096.0,Ingen flytting (MM0),2191621,1552938,1.4112739851816363
2097.0,Ingen flytting (MM0),2180933,1545149,1.4114709972954065
2098.0,Ingen flytting (MM0),2169923,1537778,1.4110768914628768
2099.0,Ingen flytting (MM0),2158558,1530771,1.41011163655439
2100.0,Ingen flytting (MM0),2146732,1524130,1.4084966505481815
2022.0,Ingen nettoinnvandring (MME),3319573,870963,3.811382343452018
2023.0,Ingen nettoinnvandring (MME),3317486,892940,3.7152395457701526
2024.0,Ingen nettoinnvandring (MME),3315309,916080,3.6190168980875033
2025.0,Ingen nettoinnvandring (MME),3314453,938148,3.5329745413303657
2026.0,Ingen nettoinnvandring (MME),3312242,961078,3.4463820834521237
2027.0,Ingen nettoinnvandring (MME),3311268,984000,3.365109756097561
2028.0,Ingen nettoinnvandring (MME),3310133,1006270,3.289507786180647
2029.0,Ingen nettoinnvandring (MME),3310071,1028536,3.2182354336649373
2030.0,Ingen nettoinnvandring (MME),3309866,1051010,3.1492240796947697
2031.0,Ingen nettoinnvandring (MME),3307080,1074211,3.0786130471574022
2032.0,Ingen nettoinnvandring (MME),3299888,1099208,3.002059664776821
2033.0,Ingen nettoinnvandring (MME),3291008,1124460,2.926745282179891
2034.0,Ingen nettoinnvandring (MME),3279190,1149852,2.851836584186487
2035.0,Ingen nettoinnvandring (MME),3266569,1174745,2.7806621862616994
2036.0,Ingen nettoinnvandring (MME),3251632,1200555,2.7084406795190556
2037.0,Ingen nettoinnvandring (MME),3235839,1226086,2.6391615270054465
2038.0,Ingen nettoinnvandring (MME),3218985,1249215,2.57680623431515
2039.0,Ingen nettoinnvandring (MME),3199693,1272266,2.5149559919073528
2040.0,Ingen nettoinnvandring (MME),3179966,1294406,2.456699057328226
2041.0,Ingen nettoinnvandring (MME),3161074,1313493,2.406616556007531
2042.0,Ingen nettoinnvandring (MME),3145551,1331656,2.362134815598022
2043.0,Ingen nettoinnvandring (MME),3131375,1346485,2.325592190035537
2044.0,Ingen nettoinnvandring (MME),3118320,1358828,2.294859982278846
2045.0,Ingen nettoinnvandring (MME),3106109,1369151,2.268638740358076
2046.0,Ingen nettoinnvandring (MME),3092388,1380495,2.240057370725718
2047.0,Ingen nettoinnvandring (MME),3078654,1391659,2.2122186541386935
2048.0,Ingen nettoinnvandring (MME),3064302,1403212,2.183776934632828
2049.0,Ingen nettoinnvandring (MME),3050863,1413586,2.1582436441787056
2050.0,Ingen nettoinnvandring (MME),3036342,1424727,2.131174603976762
2051.0,Ingen nettoinnvandring (MME),3022537,1434888,2.106461967763338
2052.0,Ingen nettoinnvandring (MME),3008617,1444894,2.0822406349531524
2053.0,Ingen nettoinnvandring (MME),2994129,1455258,2.057455791344215
2054.0,Ingen nettoinnvandring (MME),2978827,1466237,2.0316135795236376
2055.0,Ingen nettoinnvandring (MME),2963322,1477286,2.005923023706987
2056.0,Ingen nettoinnvandring (MME),2945563,1490525,1.976191610338639
2057.0,Ingen nettoinnvandring (MME),2927558,1503971,1.9465521609126772
2058.0,Ingen nettoinnvandring (MME),2908309,1518023,1.9158530536098597
2059.0,Ingen nettoinnvandring (MME),2889741,1530790,1.8877448898934537
2060.0,Ingen nettoinnvandring (MME),2872084,1542049,1.8625115025527723
2061.0,Ingen nettoinnvandring (MME),2855374,1551738,1.8401134727640878
2062.0,Ingen nettoinnvandring (MME),2838852,1560626,1.8190469721765496
2063.0,Ingen nettoinnvandring (MME),2822044,1569164,1.7984378943182484
2064.0,Ingen nettoinnvandring (MME),2804647,1577659,1.7777269993072013
2065.0,Ingen nettoinnvandring (MME),2788328,1584471,1.7597848114607335
2066.0,Ingen nettoinnvandring (MME),2773031,1589692,1.7443825596404838
2067.0,Ingen nettoinnvandring (MME),2756724,1595378,1.727944098514584
2068.0,Ingen nettoinnvandring (MME),2740038,1600969,1.7114872305460005
2069.0,Ingen nettoinnvandring (MME),2725242,1604270,1.6987427303384093
2070.0,Ingen nettoinnvandring (MME),2711113,1606520,1.687568782212484
2071.0,Ingen nettoinnvandring (MME),2695640,1609808,1.6745102521542943
2072.0,Ingen nettoinnvandring (MME),2679440,1613524,1.6606136630133794
2073.0,Ingen nettoinnvandring (MME),2663160,1617083,1.6468913469500328
2074.0,Ingen nettoinnvandring (MME),2645230,1622028,1.6308164840557622
2075.0,Ingen nettoinnvandring (MME),2627380,1626625,1.6152339967724583
2076.0,Ingen nettoinnvandring (MME),2607894,1632586,1.5974006882332692
2077.0,Ingen nettoinnvandring (MME),2587601,1639058,1.5787122847391613
2078.0,Ingen nettoinnvandring (MME),2568198,1644321,1.5618592720034592
2079.0,Ingen nettoinnvandring (MME),2550264,1647793,1.5476846909775681
2080.0,Ingen nettoinnvandring (MME),2532841,1650422,1.5346626499162033
2081.0,Ingen nettoinnvandring (MME),2517123,1651034,1.524573691395816
2082.0,Ingen nettoinnvandring (MME),2501825,1650939,1.5153951781380173
2083.0,Ingen nettoinnvandring (MME),2487055,1650031,1.5072777420545431
2084.0,Ingen nettoinnvandring (MME),2472593,1648578,1.4998337961564452
2085.0,Ingen nettoinnvandring (MME),2460543,1644501,1.4962246906508418
2086.0,Ingen nettoinnvandring (MME),2450049,1638717,1.4951019608632852
2087.0,Ingen nettoinnvandring (MME),2440114,1632258,1.4949315610644887
2088.0,Ingen nettoinnvandring (MME),2431525,1624407,1.4968693190807476
2089.0,Ingen nettoinnvandring (MME),2420147,1619336,1.4945304742190626
2090.0,Ingen nettoinnvandring (MME),2409991,1613078,1.4940325266354137
2091.0,Ingen nettoinnvandring (MME),2400490,1606234,1.4944833691728603
2092.0,Ingen nettoinnvandring (MME),2391455,1599005,1.4955894446859141
2093.0,Ingen nettoinnvandring (MME),2382288,1591982,1.496428979724645
2094.0,Ingen nettoinnvandring (MME),2372707,1585458,1.4965435855128297
2095.0,Ingen nettoinnvandring (MME),2362701,1579399,1.495949408604159
2096.0,Ingen nettoinnvandring (MME),2352280,1573764,1.494684082238506
2097.0,Ingen nettoinnvandring (MME),2341452,1568503,1.492794084550683
2098.0,Ingen nettoinnvandring (MME),2330166,1563638,1.4902208823269836
2099.0,Ingen nettoinnvandring (MME),2318391,1559139,1.4869687693015183
2100.0,Ingen nettoinnvandring (MME),2306087,1555024,1.4829912592988919
2022.0,Konstant innvandring (MMK),3319573,870963,3.811382343452018
2023.0,Konstant innvandring (MMK),3345340,893054,3.7459548918654417
2024.0,Konstant innvandring (MMK),3361396,916300,3.6684448324784458
2025.0,Konstant innvandring (MMK),3369666,938469,3.590599156711623
2026.0,Konstant innvandring (MMK),3377270,961527,3.5124026678398006
2027.0,Konstant innvandring (MMK),3386671,984589,3.439679907047509
2028.0,Konstant innvandring (MMK),3396256,1007025,3.372563739728408
2029.0,Konstant innvandring (MMK),3407444,1029478,3.309875490297024
2030.0,Konstant innvandring (MMK),3418866,1052162,3.249372244958476
2031.0,Konstant innvandring (MMK),3427879,1075602,3.1869399647825123
2032.0,Konstant innvandring (MMK),3432622,1100868,3.1181049862472157
2033.0,Konstant innvandring (MMK),3435878,1126421,3.0502609592683374
2034.0,Konstant innvandring (MMK),3436469,1152165,2.9826188089379557
2035.0,Konstant innvandring (MMK),3436445,1177448,2.918553515739124
2036.0,Konstant innvandring (MMK),3434228,1203707,2.853043140897245
2037.0,Konstant innvandring (MMK),3431280,1229745,2.790237000353732
2038.0,Konstant innvandring (MMK),3427366,1253442,2.734363456785396
2039.0,Konstant innvandring (MMK),3421109,1277130,2.678747660770634
2040.0,Konstant innvandring (MMK),3414509,1299985,2.626575691257976
2041.0,Konstant innvandring (MMK),3408811,1319884,2.5826595367471685
2042.0,Konstant innvandring (MMK),3406535,1338952,2.544180075163262
2043.0,Konstant innvandring (MMK),3405461,1354794,2.5136374976564704
2044.0,Konstant innvandring (MMK),3406068,1368262,2.4893390300980367
2045.0,Konstant innvandring (MMK),3408176,1379835,2.4699880782847226
2046.0,Konstant innvandring (MMK),3409030,1392560,2.4480309645544898
2047.0,Konstant innvandring (MMK),3410020,1405260,2.4266114455687915
2048.0,Konstant innvandring (MMK),3410558,1418521,2.4043056112669463
2049.0,Konstant innvandring (MMK),3412186,1430756,2.3848832365546606
2050.0,Konstant innvandring (MMK),3412778,1443965,2.363476954081297
2051.0,Konstant innvandring (MMK),3414163,1456401,2.344246536496473
2052.0,Konstant innvandring (MMK),3415514,1468907,2.3252077905544737
2053.0,Konstant innvandring (MMK),3416376,1481993,2.3052578520951177
2054.0,Konstant innvandring (MMK),3416449,1495967,2.2837729709278345
2055.0,Konstant innvandring (MMK),3416265,1510268,2.2620256802104
2056.0,Konstant innvandring (MMK),3413755,1527044,2.2355315236496134
2057.0,Konstant innvandring (MMK),3410938,1544338,2.2086732308600836
2058.0,Konstant innvandring (MMK),3406754,1562548,2.180255582548504
2059.0,Konstant innvandring (MMK),3403068,1579823,2.15408181802645
2060.0,Konstant innvandring (MMK),3400068,1595970,2.130408466324555
2061.0,Konstant innvandring (MMK),3397773,1610945,2.109180015456766
2062.0,Konstant innvandring (MMK),3395448,1625448,2.088930559451917
2063.0,Konstant innvandring (MMK),3392622,1639952,2.06873249948779
2064.0,Konstant innvandring (MMK),3389004,1654738,2.0480607806190467
2065.0,Konstant innvandring (MMK),3386323,1668091,2.0300589116541006
2066.0,Konstant innvandring (MMK),3384564,1680027,2.0145890512473907
2067.0,Konstant innvandring (MMK),3381792,1692559,1.9980349281768022
2068.0,Konstant innvandring (MMK),3378658,1705082,1.9815222962883896
2069.0,Konstant innvandring (MMK),3377439,1715381,1.9689147775333877
2070.0,Konstant innvandring (MMK),3376927,1724696,1.957983899771322
2071.0,Konstant innvandring (MMK),3375119,1735104,1.9451969449669875
2072.0,Konstant innvandring (MMK),3372585,1746071,1.9315279848299411
2073.0,Konstant innvandring (MMK),3369900,1757053,1.9179273476668035
2074.0,Konstant innvandring (MMK),3365598,1769517,1.9019868133507618
2075.0,Konstant innvandring (MMK),3361505,1781650,1.8867370134425954
2076.0,Konstant innvandring (MMK),3355892,1795149,1.8694225381848526
2077.0,Konstant innvandring (MMK),3349585,1809194,1.8514238937338947
2078.0,Konstant innvandring (MMK),3344286,1822045,1.8354574118641416
2079.0,Konstant innvandring (MMK),3340585,1833108,1.822361257492739
2080.0,Konstant innvandring (MMK),3337485,1843331,1.810572816276621
2081.0,Konstant innvandring (MMK),3336188,1851529,1.8018556555149825
2082.0,Konstant innvandring (MMK),3335389,1859002,1.7941825775335367
2083.0,Konstant innvandring (MMK),3335176,1865659,1.78766644922786
2084.0,Konstant innvandring (MMK),3335335,1871723,1.7819597237411733
2085.0,Konstant innvandring (MMK),3337951,1875137,1.7801104665952407
2086.0,Konstant innvandring (MMK),3342166,1876775,1.7808027067709236
2087.0,Konstant innvandring (MMK),3346964,1877699,1.7824816437565338
2088.0,Konstant innvandring (MMK),3353134,1877150,1.7862898543004022
2089.0,Konstant innvandring (MMK),3356527,1879302,1.7860498206248916
2090.0,Konstant innvandring (MMK),3361282,1880064,1.7878550942946623
2091.0,Konstant innvandring (MMK),3366203,1880650,1.7899146571664053
2092.0,Konstant innvandring (MMK),3371065,1881319,1.7918625177335687
2093.0,Konstant innvandring (MMK),3375575,1882343,1.7932836895294852
2094.0,Konstant innvandring (MMK),3379506,1883956,1.7938348878636232
2095.0,Konstant innvandring (MMK),3382838,1886152,1.793512930028969
2096.0,Konstant innvandring (MMK),3385567,1888913,1.7923361213565685
2097.0,Konstant innvandring (MMK),3387804,1892108,1.790491874671002
2098.0,Konstant innvandring (MMK),3389435,1895808,1.787857736648437
2099.0,Konstant innvandring (MMK),3390444,1900020,1.7844254271007673
2100.0,Konstant innvandring (MMK),3390779,1904736,1.7801831854913226
2022.0,Konstant levealder (MKM),3319573,870963,3.811382343452018
2023.0,Konstant levealder (MKM),3345340,893054,3.7459548918654417
2024.0,Konstant levealder (MKM),3361211,915615,3.670987259929119
2025.0,Konstant levealder (MKM),3369137,936433,3.5978409560534494
2026.0,Konstant levealder (MKM),3376241,957469,3.526214425741199
2027.0,Konstant levealder (MKM),3384980,977860,3.461620272840693
2028.0,Konstant levealder (MKM),3393686,996966,3.404013777801851
2029.0,Konstant levealder (MKM),3403744,1015446,3.351969479420865
2030.0,Konstant levealder (MKM),3413749,1033526,3.303012212561658
2031.0,Konstant levealder (MKM),3421078,1051740,3.252779203985776
2032.0,Konstant levealder (MKM),3423897,1071168,3.196414568022943
2033.0,Konstant levealder (MKM),3425016,1090295,3.1413663274618338
2034.0,Konstant levealder (MKM),3423264,1109065,3.0866216137016314
2035.0,Konstant levealder (MKM),3420706,1126880,3.035554806190544
2036.0,Konstant levealder (MKM),3415812,1145179,2.9827756184840974
2037.0,Konstant levealder (MKM),3410060,1162836,2.9325373483449084
2038.0,Konstant levealder (MKM),3403216,1177809,2.8894464212788322
2039.0,Konstant levealder (MKM),3393959,1192452,2.8462017758366795
2040.0,Konstant levealder (MKM),3384275,1205969,2.806270310430865
2041.0,Konstant levealder (MKM),3375394,1216328,2.7750688958899246
2042.0,Konstant levealder (MKM),3369860,1225641,2.749467421536975
2043.0,Konstant levealder (MKM),3365393,1231582,2.7325772867742466
2044.0,Konstant levealder (MKM),3362486,1235016,2.7226254558645393
2045.0,Konstant levealder (MKM),3360943,1236425,2.7182748650342723
2046.0,Konstant levealder (MKM),3358084,1238778,2.7108037113994596
2047.0,Konstant levealder (MKM),3355273,1240926,2.7038461600449986
2048.0,Konstant levealder (MKM),3351933,1243447,2.695678223518976
2049.0,Konstant levealder (MKM),3349551,1244842,2.6907438855694137
2050.0,Konstant levealder (MKM),3346069,1247028,2.683234859201237
2051.0,Konstant levealder (MKM),3343274,1248365,2.678122183816432
2052.0,Konstant levealder (MKM),3340364,1249692,2.672949814834375
2053.0,Konstant levealder (MKM),3336924,1251524,2.6662884611082167
2054.0,Konstant levealder (MKM),3332657,1254186,2.657227077961323
2055.0,Konstant levealder (MKM),3328058,1257179,2.6472427554071456
2056.0,Konstant levealder (MKM),3321156,1262581,2.630449848366164
2057.0,Konstant levealder (MKM),3313926,1268530,2.6124143693881896
2058.0,Konstant levealder (MKM),3305335,1275461,2.591482609033126
2059.0,Konstant levealder (MKM),3297178,1281599,2.5727064393776837
2060.0,Konstant levealder (MKM),3289634,1286814,2.5564176330067903
2061.0,Konstant levealder (MKM),3282727,1291084,2.5426130290515565
2062.0,Konstant levealder (MKM),3275773,1295094,2.529370841035477
2063.0,Konstant levealder (MKM),3268340,1299282,2.515497020662181
2064.0,Konstant levealder (MKM),3260180,1303871,2.5003853908860614
2065.0,Konstant levealder (MKM),3252921,1307205,2.488455139017981
2066.0,Konstant levealder (MKM),3246563,1309247,2.4797177308788947
2067.0,Konstant levealder (MKM),3239271,1311841,2.469255801579612
2068.0,Konstant levealder (MKM),3231666,1314326,2.458800936753895
2069.0,Konstant levealder (MKM),3225912,1314569,2.4539693237859708
2070.0,Konstant levealder (MKM),3220870,1313680,2.4517919127945924
2071.0,Konstant levealder (MKM),3214669,1313571,2.447274642938981
2072.0,Konstant levealder (MKM),3207830,1313711,2.4418079775536627
2073.0,Konstant levealder (MKM),3200918,1313585,2.436780261650369
2074.0,Konstant levealder (MKM),3192578,1314570,2.4286101158553746
2075.0,Konstant levealder (MKM),3184523,1315024,2.4216462969497137
2076.0,Konstant levealder (MKM),3175138,1316574,2.411666947699104
2077.0,Konstant levealder (MKM),3165208,1318519,2.4005782245079517
2078.0,Konstant levealder (MKM),3156339,1319314,2.3924092369216123
2079.0,Konstant levealder (MKM),3149069,1318469,2.3884285485665573
2080.0,Konstant levealder (MKM),3142459,1316984,2.386102640578777
2081.0,Konstant levealder (MKM),3137603,1313832,2.3881310548076162
2082.0,Konstant levealder (MKM),3133310,1310279,2.391330396045422
2083.0,Konstant levealder (MKM),3129648,1306302,2.3958074013512953
2084.0,Konstant levealder (MKM),3126413,1302170,2.4009253784068134
2085.0,Konstant levealder (MKM),3125531,1295981,2.41171051118805
2086.0,Konstant levealder (MKM),3126173,1288578,2.4260642351491333
2087.0,Konstant levealder (MKM),3127421,1280948,2.4414894281422823
2088.0,Konstant levealder (MKM),3129950,1272353,2.459969835415172
2089.0,Konstant levealder (MKM),3129950,1266616,2.4711120023748316
2090.0,Konstant levealder (MKM),3131240,1259878,2.4853517562811636
2091.0,Konstant levealder (MKM),3132716,1253196,2.4997813590212545
2092.0,Konstant levealder (MKM),3134152,1246767,2.5138233527194735
2093.0,Konstant levealder (MKM),3135290,1240799,2.5268315013148785
2094.0,Konstant levealder (MKM),3135904,1235466,2.538235775003116
2095.0,Konstant levealder (MKM),3135979,1230731,2.5480620866785673
2096.0,Konstant levealder (MKM),3135511,1226571,2.556322463192102
2097.0,Konstant levealder (MKM),3134604,1222862,2.563334211055704
2098.0,Konstant levealder (MKM),3133160,1219672,2.5688545772961913
2099.0,Konstant levealder (MKM),3131172,1217028,2.5728019404648044
2100.0,Konstant levealder (MKM),3128577,1214979,2.575005000086421
2022.0,Lav fruktbarhet (LMM),3319573,870963,3.811382343452018
2023.0,Lav fruktbarhet (LMM),3345340,893054,3.7459548918654417
2024.0,Lav fruktbarhet (LMM),3361376,916300,3.6684230055658626
2025.0,Lav fruktbarhet (LMM),3369622,938468,3.5905560978104742
2026.0,Lav fruktbarhet (LMM),3377186,961524,3.5123262653870313
2027.0,Lav fruktbarhet (LMM),3386499,984584,3.439522681660478
2028.0,Lav fruktbarhet (LMM),3395915,1007015,3.3722586058797535
2029.0,Lav fruktbarhet (LMM),3406768,1029469,3.309247777252156
2030.0,Lav fruktbarhet (LMM),3417661,1052149,3.2482671180602747
2031.0,Lav fruktbarhet (LMM),3425966,1075581,3.185223614028139
2032.0,Lav fruktbarhet (LMM),3429804,1100838,3.1156300927111893
2033.0,Lav fruktbarhet (LMM),3431996,1126385,3.046912023863954
2034.0,Lav fruktbarhet (LMM),3431347,1152121,2.9782870028408475
2035.0,Lav fruktbarhet (LMM),3429925,1177394,2.913149718785725
2036.0,Lav fruktbarhet (LMM),3426175,1203640,2.8465114153733673
2037.0,Lav fruktbarhet (LMM),3421565,1229656,2.782538368454267
2038.0,Lav fruktbarhet (LMM),3415898,1253344,2.725427336788623
2039.0,Lav fruktbarhet (LMM),3407799,1277015,2.6685661484007626
2040.0,Lav fruktbarhet (LMM),3399272,1299851,2.615124348867678
2041.0,Lav fruktbarhet (LMM),3391577,1319716,2.569929439364227
2042.0,Lav fruktbarhet (LMM),3387221,1338762,2.5301143892641114
2043.0,Lav fruktbarhet (LMM),3377344,1354562,2.4933107528485223
2044.0,Lav fruktbarhet (LMM),3369679,1368002,2.4632120420876578
2045.0,Lav fruktbarhet (LMM),3363769,1379526,2.438351288776
2046.0,Lav fruktbarhet (LMM),3356197,1392204,2.410707769838328
2047.0,Lav fruktbarhet (LMM),3348068,1404840,2.383237948805558
2048.0,Lav fruktbarhet (LMM),3338765,1418031,2.354507764639842
2049.0,Lav fruktbarhet (LMM),3329838,1430190,2.3282486942294383
2050.0,Lav fruktbarhet (LMM),3319221,1443308,2.299731588822344
2051.0,Lav fruktbarhet (LMM),3308725,1455644,2.2730317302857017
2052.0,Lav fruktbarhet (LMM),3297535,1468034,2.2462252236664817
2053.0,Lav fruktbarhet (LMM),3285191,1480985,2.2182473151314834
2054.0,Lav fruktbarhet (LMM),3271389,1494797,2.1885172367886745
2055.0,Lav fruktbarhet (LMM),3256652,1508931,2.15825110624674
2056.0,Lav fruktbarhet (LMM),3238904,1525519,2.123148908666493
2057.0,Lav fruktbarhet (LMM),3220171,1542588,2.0875120252458856
2058.0,Lav fruktbarhet (LMM),3200027,1560556,2.0505685153240254
2059.0,Lav fruktbarhet (LMM),3180370,1577562,2.016003174518656
2060.0,Lav fruktbarhet (LMM),3161373,1593399,1.984043544648892
2061.0,Lav fruktbarhet (LMM),3143084,1608033,1.954614115506336
2062.0,Lav fruktbarhet (LMM),3124809,1622157,1.926329572291708
2063.0,Lav fruktbarhet (LMM),3106071,1636247,1.8982898058789412
2064.0,Lav fruktbarhet (LMM),3086625,1650564,1.8700426036191264
2065.0,Lav fruktbarhet (LMM),3068196,1663408,1.8445240133509038
2066.0,Lav fruktbarhet (LMM),3050761,1674792,1.821576052429197
2067.0,Lav fruktbarhet (LMM),3032364,1686714,1.797793816853361
2068.0,Lav fruktbarhet (LMM),3013644,1698560,1.7742346458176337
2069.0,Lav fruktbarhet (LMM),2996828,1708137,1.7544424129914638
2070.0,Lav fruktbarhet (LMM),2980665,1716662,1.736314428815923
2071.0,Lav fruktbarhet (LMM),2963111,1726220,1.7165314965647485
2072.0,Lav fruktbarhet (LMM),2944664,1736278,1.6959634344269754
2073.0,Lav fruktbarhet (LMM),2925851,1746281,1.6754754818955253
2074.0,Lav fruktbarhet (LMM),2905157,1757706,1.6528116761278622
2075.0,Lav fruktbarhet (LMM),2884368,1768744,1.6307436237239532
2076.0,Lav fruktbarhet (LMM),2861741,1781090,1.6067357629316878
2077.0,Lav fruktbarhet (LMM),2838087,1793920,1.5820588432037104
2078.0,Lav fruktbarhet (LMM),2815098,1805491,1.5591869469302255
2079.0,Lav fruktbarhet (LMM),2793352,1815233,1.5388393666267637
2080.0,Lav fruktbarhet (LMM),2771863,1824074,1.5196000820142166
2081.0,Lav fruktbarhet (LMM),2751820,1830859,1.5030212594197587
2082.0,Lav fruktbarhet (LMM),2731933,1836867,1.4872786108085125
2083.0,Lav fruktbarhet (LMM),2712324,1842003,1.4724862011625388
2084.0,Lav fruktbarhet (LMM),2692778,1846520,1.4582988540606112
2085.0,Lav fruktbarhet (LMM),2675411,1848350,1.447459085129981
2086.0,Lav fruktbarhet (LMM),2659381,1848361,1.4387779227109856
2087.0,Lav fruktbarhet (LMM),2643733,1847616,1.430888777754685
2088.0,Lav fruktbarhet (LMM),2629292,1845378,1.4247986049470622
2089.0,Lav fruktbarhet (LMM),2611952,1845808,1.4150724235673482
2090.0,Lav fruktbarhet (LMM),2601826,1838877,1.4148994195914137
2091.0,Lav fruktbarhet (LMM),2591285,1832293,1.4142306934535034
2092.0,Lav fruktbarhet (LMM),2580406,1826027,1.4131258738233334
2093.0,Lav fruktbarhet (LMM),2569508,1819826,1.4119525712897827
2094.0,Lav fruktbarhet (LMM),2558661,1813612,1.410809478543371
2095.0,Lav fruktbarhet (LMM),2547851,1807400,1.4096774372026115
2096.0,Lav fruktbarhet (LMM),2537110,1801160,1.4085977925337005
2097.0,Lav fruktbarhet (LMM),2526459,1794837,1.4076258735472915
2098.0,Lav fruktbarhet (LMM),2515851,1788471,1.4067049451738385
2099.0,Lav fruktbarhet (LMM),2505237,1782052,1.4058158796713003
2100.0,Lav fruktbarhet (LMM),2494545,1775617,1.40488911741665
2022.0,Lav innvandring (MML),3319573,870963,3.811382343452018
2023.0,Lav innvandring (MML),3335673,892996,3.7353728348167294
2024.0,Lav innvandring (MML),3339170,916153,3.6447733075152295
2025.0,Lav innvandring (MML),3343185,938247,3.563224822461463
2026.0,Lav innvandring (MML),3346361,961211,3.481401065947019
2027.0,Lav innvandring (MML),3350699,984167,3.4046040966624567
2028.0,Lav innvandring (MML),3355030,1006476,3.3334426255568936
2029.0,Lav innvandring (MML),3360654,1028796,3.2665892946706636
2030.0,Lav innvandring (MML),3366141,1051326,3.2018051489262134
2031.0,Lav innvandring (MML),3369043,1074598,3.135165894595002
2032.0,Lav innvandring (MML),3367491,1099672,3.0622685673546295
2033.0,Lav innvandring (MML),3364313,1125015,2.9904605716368224
2034.0,Lav innvandring (MML),3358230,1150518,2.91888523256481
2035.0,Lav innvandring (MML),3351301,1175539,2.8508633061089426
2036.0,Lav innvandring (MML),3342020,1201501,2.781537426935142
2037.0,Lav innvandring (MML),3331790,1227204,2.7149438887096196
2038.0,Lav innvandring (MML),3320413,1250538,2.655187607253838
2039.0,Lav innvandring (MML),3306513,1273823,2.5957397534822344
2040.0,Lav innvandring (MML),3292099,1296231,2.539747159264051
2041.0,Lav innvandring (MML),3278421,1315624,2.4919133430220186
2042.0,Lav innvandring (MML),3267930,1334148,2.449450885508954
2043.0,Lav innvandring (MML),3258531,1349378,2.4148392815059974
2044.0,Lav innvandring (MML),3250575,1362187,2.3862913094898133
2045.0,Lav innvandring (MML),3243677,1373030,2.3624225253636117
2046.0,Lav innvandring (MML),3235276,1384953,2.336018623014644
2047.0,Lav innvandring (MML),3226835,1396775,2.3102038624689016
2048.0,Lav innvandring (MML),3217764,1409070,2.283608337414039
2049.0,Lav innvandring (MML),3209610,1420257,2.2598797259932533
2050.0,Lav innvandring (MML),3200275,1432317,2.2343342989017096
2051.0,Lav innvandring (MML),3191589,1443499,2.2110088056867374
2052.0,Lav innvandring (MML),3182758,1454632,2.1880159380516857
2053.0,Lav innvandring (MML),3173317,1466241,2.1642533526207495
2054.0,Lav innvandring (MML),3162993,1478598,2.13918387553615
2055.0,Lav innvandring (MML),3152345,1491155,2.1140290580120777
2056.0,Lav innvandring (MML),3139343,1506047,2.084492051044888
2057.0,Lav innvandring (MML),3125961,1521296,2.054801300995993
2058.0,Lav innvandring (MML),3111187,1537297,2.0238034680351293
2059.0,Lav innvandring (MML),3096902,1552186,1.9951874324339995
2060.0,Lav innvandring (MML),3083320,1565758,1.9692187426153978
2061.0,Lav innvandring (MML),3070482,1577942,1.9458776051337756
2062.0,Lav innvandring (MML),3057685,1589450,1.9237377709270502
2063.0,Lav innvandring (MML),3044439,1600759,1.901872174387275
2064.0,Lav innvandring (MML),3030495,1612143,1.8797929215956648
2065.0,Lav innvandring (MML),3017526,1621912,1.86047455102373
2066.0,Lav innvandring (MML),3005514,1630111,1.8437480637821597
2067.0,Lav innvandring (MML),2992451,1638810,1.8259902002062471
2068.0,Lav innvandring (MML),2978981,1647412,1.808279288969608
2069.0,Lav innvandring (MML),2967360,1653703,1.7943729920064244
2070.0,Lav innvandring (MML),2956389,1658928,1.7821080842568213
2071.0,Lav innvandring (MML),2944062,1665170,1.7680248863479404
2072.0,Lav innvandring (MML),2930961,1671855,1.7531191401168162
2073.0,Lav innvandring (MML),2917688,1678435,1.7383383926097824
2074.0,Lav innvandring (MML),2902765,1686370,1.7213096769985234
2075.0,Lav innvandring (MML),2887942,1693915,1.7048919219677492
2076.0,Lav innvandring (MML),2871504,1702784,1.6863583402240097
2077.0,Lav innvandring (MML),2854268,1712110,1.6671055013988587
2078.0,Lav innvandring (MML),2837942,1720182,1.6497917080867024
2079.0,Lav innvandring (MML),2823119,1726400,1.6352635542168674
2080.0,Lav innvandring (MML),2808830,1731708,1.621999782873325
2081.0,Lav innvandring (MML),2796260,1734939,1.6117338995780255
2082.0,Lav innvandring (MML),2784116,1737379,1.602480518067733
2083.0,Lav innvandring (MML),2772493,1738944,1.5943543897905856
2084.0,Lav innvandring (MML),2761180,1739872,1.5870018024314432
2085.0,Lav innvandring (MML),2752274,1738098,1.58349759334629
2086.0,Lav innvandring (MML),2744926,1734512,1.5825350300257364
2087.0,Lav innvandring (MML),2738136,1730150,1.5826003525705863
2088.0,Lav innvandring (MML),2732699,1724268,1.5848458592283798
2089.0,Lav innvandring (MML),2724518,1720987,1.5831136435080566
2090.0,Lav innvandring (MML),2717631,1716336,1.5833910143468413
2091.0,Lav innvandring (MML),2710965,1711389,1.584072937245711
2092.0,Lav innvandring (MML),2704495,1706221,1.5850789551881028
2093.0,Lav innvandring (MML),2697744,1701292,1.5857031009374052
2094.0,Lav innvandring (MML),2690425,1696910,1.5854847929471805
2095.0,Lav innvandring (MML),2682519,1693037,1.5844420411367264
2096.0,Lav innvandring (MML),2674022,1689651,1.5825883570039019
2097.0,Lav innvandring (MML),2665033,1686658,1.580067209831513
2098.0,Lav innvandring (MML),2655439,1684109,1.576761955431626
2099.0,Lav innvandring (MML),2645233,1681974,1.5726955351271779
2100.0,Lav innvandring (MML),2634367,1680291,1.5678040291830404
2022.0,Lav levealder (MLM),3319573,870963,3.811382343452018
2023.0,Lav levealder (MLM),3345131,892088,3.7497769278367157
2024.0,Lav levealder (MLM),3360854,913994,3.6771072895445704
2025.0,Lav levealder (MLM),3368753,934602,3.604478697884233
2026.0,Lav levealder (MLM),3375924,955833,3.531918232578285
2027.0,Lav levealder (MLM),3384827,976841,3.46507466414698
2028.0,Lav levealder (MLM),3393792,997103,3.403652380947605
2029.0,Lav levealder (MLM),3404176,1017225,3.3465319865319865
2030.0,Lav levealder (MLM),3414569,1037485,3.291198426965209
2031.0,Lav levealder (MLM),3422382,1058338,3.2337325126755347
2032.0,Lav levealder (MLM),3425731,1080816,3.169578355612796
2033.0,Lav levealder (MLM),3427411,1103439,3.1061173295488014
2034.0,Lav levealder (MLM),3426288,1126224,3.042279333418574
2035.0,Lav levealder (MLM),3424408,1148445,2.981777969341153
2036.0,Lav levealder (MLM),3420166,1171420,2.9196752659165797
2037.0,Lav levealder (MLM),3415113,1194146,2.8598789427758415
2038.0,Lav levealder (MLM),3408986,1214494,2.8069187661692854
2039.0,Lav levealder (MLM),3400458,1234668,2.754147673706616
2040.0,Lav levealder (MLM),3391517,1254016,2.704524503674594
2041.0,Lav levealder (MLM),3383426,1270534,2.6629952445192338
2042.0,Lav levealder (MLM),3378690,1286143,2.6269940434306296
2043.0,Lav levealder (MLM),3375071,1298422,2.59936368915499
2044.0,Lav levealder (MLM),3373051,1308642,2.577520055141131
2045.0,Lav levealder (MLM),3372462,1316874,2.5609602741036728
2046.0,Lav levealder (MLM),3370511,1326311,2.5412674704499927
2047.0,Lav levealder (MLM),3368658,1335839,2.521754492869275
2048.0,Lav levealder (MLM),3366294,1345682,2.5015523727002367
2049.0,Lav levealder (MLM),3364872,1354579,2.4840721729777298
2050.0,Lav levealder (MLM),3362357,1364398,2.4643520439050777
2051.0,Lav levealder (MLM),3360537,1373639,2.4464484482458637
2052.0,Lav levealder (MLM),3358644,1382799,2.428873610698301
2053.0,Lav levealder (MLM),3356164,1392562,2.4100643274769813
2054.0,Lav levealder (MLM),3352863,1403026,2.3897368972492314
2055.0,Lav levealder (MLM),3349179,1414066,2.3684743144945144
2056.0,Lav levealder (MLM),3343145,1427509,2.34194320316019
2057.0,Lav levealder (MLM),3336730,1441699,2.31444288995137
2058.0,Lav levealder (MLM),3328854,1456363,2.2857309613056636
2059.0,Lav levealder (MLM),3321443,1470409,2.258856549436245
2060.0,Lav levealder (MLM),3314635,1483238,2.234729018539169
2061.0,Lav levealder (MLM),3308475,1494821,2.2132917586787983
2062.0,Lav levealder (MLM),3302247,1506447,2.1920764553947136
2063.0,Lav levealder (MLM),3295491,1517906,2.171077128623248
2064.0,Lav levealder (MLM),3287958,1529417,2.1498113333381283
2065.0,Lav levealder (MLM),3281350,1539802,2.1310207416278195
2066.0,Lav levealder (MLM),3275702,1548784,2.1150153927209994
2067.0,Lav levealder (MLM),3269063,1558151,2.0980399203928246
2068.0,Lav levealder (MLM),3262098,1567705,2.0808111219904255
2069.0,Lav levealder (MLM),3257039,1575103,2.0678260405827427
2070.0,Lav levealder (MLM),3252763,1581346,2.0569584392030587
2071.0,Lav levealder (MLM),3247260,1588879,2.043742789727852
2072.0,Lav levealder (MLM),3241090,1596779,2.0297674255485574
2073.0,Lav levealder (MLM),3234806,1604618,2.0159352568648736
2074.0,Lav levealder (MLM),3227016,1613973,1.9994237821822298
2075.0,Lav levealder (MLM),3219510,1622405,1.984405866599277
2076.0,Lav levealder (MLM),3210569,1632346,1.9668434265774535
2077.0,Lav levealder (MLM),3200992,1642900,1.9483790857629801
2078.0,Lav levealder (MLM),3192502,1652101,1.932389121488335
2079.0,Lav levealder (MLM),3185650,1659229,1.9199580045912892
2080.0,Lav levealder (MLM),3179443,1665568,1.908924162808123
2081.0,Lav levealder (MLM),3175017,1669626,1.901633659274592
2082.0,Lav levealder (MLM),3171176,1672712,1.8958290488739244
2083.0,Lav levealder (MLM),3167937,1675390,1.890865410441748
2084.0,Lav levealder (MLM),3165106,1677625,1.8866588182698756
2085.0,Lav levealder (MLM),3164733,1677064,1.8870675179957355
2086.0,Lav levealder (MLM),3165963,1675466,1.889601460131092
2087.0,Lav levealder (MLM),3167801,1673076,1.8933993434846952
2088.0,Lav levealder (MLM),3171007,1669652,1.8992023487529137
2089.0,Lav levealder (MLM),3171525,1668700,1.900596272547492
2090.0,Lav levealder (MLM),3173396,1666199,1.9045720229096283
2091.0,Lav levealder (MLM),3175477,1663756,1.9086194129427632
2092.0,Lav levealder (MLM),3177522,1661348,1.9126167425488219
2093.0,Lav levealder (MLM),3179238,1659885,1.9153363034186104
2094.0,Lav levealder (MLM),3180425,1658567,1.9175740262527832
2095.0,Lav levealder (MLM),3181034,1657924,1.918685054320946
2096.0,Lav levealder (MLM),3181066,1658530,1.918003292071895
2097.0,Lav levealder (MLM),3180649,1659093,1.9171010907767074
2098.0,Lav levealder (MLM),3179691,1659914,1.9155757466953107
2099.0,Lav levealder (MLM),3178128,1661693,1.9125843341700302
2100.0,Lav levealder (MLM),3175920,1664301,1.9082605850744547
2022.0,Lav nasjonal vekst (LLL),3319573,870963,3.811382343452018
2023.0,Lav nasjonal vekst (LLL),3335460,892030,3.739179175588265
2024.0,Lav nasjonal vekst (LLL),3338650,913850,3.6533895059364228
2025.0,Lav nasjonal vekst (LLL),3342313,934380,3.577038249962542
2026.0,Lav nasjonal vekst (LLL),3345093,955519,3.5008126473675563
2027.0,Lav nasjonal vekst (LLL),3349038,976424,3.4299013543296764
2028.0,Lav nasjonal vekst (LLL),3352918,996565,3.364474971527196
2029.0,Lav nasjonal vekst (LLL),3358068,1016555,3.3033805352391163
2030.0,Lav nasjonal vekst (LLL),3363074,1036670,3.2441123983524167
2031.0,Lav nasjonal vekst (LLL),3365481,1057357,3.1829183520797613
2032.0,Lav nasjonal vekst (LLL),3363445,1079657,3.1152903190550334
2033.0,Lav nasjonal vekst (LLL),3359768,1102073,3.048589340270563
2034.0,Lav nasjonal vekst (LLL),3353225,1124635,2.981611811832283
2035.0,Lav nasjonal vekst (LLL),3345846,1146602,2.918053518134453
2036.0,Lav nasjonal vekst (LLL),3336077,1169304,2.853045059283129
2037.0,Lav nasjonal vekst (LLL),3325421,1191719,2.790440531702524
2038.0,Lav nasjonal vekst (LLL),3313590,1211723,2.7346101377955194
2039.0,Lav nasjonal vekst (LLL),3299276,1231519,2.6790297185833105
2040.0,Lav nasjonal vekst (LLL),3284464,1250453,2.6266193131609104
2041.0,Lav nasjonal vekst (LLL),3270412,1266504,2.582235823968973
2042.0,Lav nasjonal vekst (LLL),3259545,1281609,2.5433224953944613
2043.0,Lav nasjonal vekst (LLL),3243099,1293333,2.507551419472015
2044.0,Lav nasjonal vekst (LLL),3228752,1302944,2.478043569025223
2045.0,Lav nasjonal vekst (LLL),3215823,1310509,2.4538732660363265
2046.0,Lav nasjonal vekst (LLL),3201111,1319228,2.4265032276452594
2047.0,Lav nasjonal vekst (LLL),3185791,1327959,2.399013071939721
2048.0,Lav nasjonal vekst (LLL),3169276,1336934,2.370555315370841
2049.0,Lav nasjonal vekst (LLL),3153043,1344887,2.3444668585539157
2050.0,Lav nasjonal vekst (LLL),3135140,1353701,2.3159767186402314
2051.0,Lav nasjonal vekst (LLL),3117353,1361826,2.2890978730028655
2052.0,Lav nasjonal vekst (LLL),3098875,1369785,2.26230758841716
2053.0,Lav nasjonal vekst (LLL),3079226,1378245,2.2341644627769375
2054.0,Lav nasjonal vekst (LLL),3058197,1387312,2.2044046328439455
2055.0,Lav nasjonal vekst (LLL),3036283,1396845,2.1736720967609147
2056.0,Lav nasjonal vekst (LLL),3011525,1408667,2.137854439693696
2057.0,Lav nasjonal vekst (LLL),2985839,1421109,2.1010626208123373
2058.0,Lav nasjonal vekst (LLL),2958823,1433898,2.0634822002680804
2059.0,Lav nasjonal vekst (LLL),2932409,1445932,2.028040737738704
2060.0,Lav nasjonal vekst (LLL),2906763,1456581,1.995606835459202
2061.0,Lav nasjonal vekst (LLL),2881950,1465830,1.9660874726264301
2062.0,Lav nasjonal vekst (LLL),2857262,1474962,1.937176686585824
2063.0,Lav nasjonal vekst (LLL),2832239,1483763,1.9088216918739718
2064.0,Lav nasjonal vekst (LLL),2806623,1492490,1.8804970217555896
2065.0,Lav nasjonal vekst (LLL),2782091,1499950,1.8547891596386545
2066.0,Lav nasjonal vekst (LLL),2758594,1505921,1.8318318158787879
2067.0,Lav nasjonal vekst (LLL),2734133,1512245,1.8079960588396722
2068.0,Lav nasjonal vekst (LLL),2709303,1518726,1.7839314003974385
2069.0,Lav nasjonal vekst (LLL),2686280,1523044,1.7637573175824204
2070.0,Lav nasjonal vekst (LLL),2663830,1526207,1.7453923353778353
2071.0,Lav nasjonal vekst (LLL),2639924,1530645,1.7247134377990978
2072.0,Lav nasjonal vekst (LLL),2615067,1535413,1.7031684634687865
2073.0,Lav nasjonal vekst (LLL),2589796,1540066,1.6816136451294945
2074.0,Lav nasjonal vekst (LLL),2562623,1546188,1.6573812498868183
2075.0,Lav nasjonal vekst (LLL),2535252,1551405,1.6341651599679001
2076.0,Lav nasjonal vekst (LLL),2505958,1558154,1.6082864723255852
2077.0,Lav nasjonal vekst (LLL),2475525,1565499,1.581300914277173
2078.0,Lav nasjonal vekst (LLL),2445671,1571495,1.5562703031190046
2079.0,Lav nasjonal vekst (LLL),2416954,1575424,1.5341609623821904
2080.0,Lav nasjonal vekst (LLL),2388422,1578543,1.5130547599907003
2081.0,Lav nasjonal vekst (LLL),2361234,1579402,1.4950177345602955
2082.0,Lav nasjonal vekst (LLL),2334187,1579275,1.47801174589606
2083.0,Lav nasjonal vekst (LLL),2307319,1578746,1.4614884218233966
2084.0,Lav nasjonal vekst (LLL),2280483,1577754,1.4453983320593704
2085.0,Lav nasjonal vekst (LLL),2255752,1573979,1.4331525388839368
2086.0,Lav nasjonal vekst (LLL),2232337,1569143,1.4226472666927106
2087.0,Lav nasjonal vekst (LLL),2209268,1563509,1.4130190488190346
2088.0,Lav nasjonal vekst (LLL),2187373,1556820,1.4050262715021646
2089.0,Lav nasjonal vekst (LLL),2162661,1552562,1.3929627287026218
2090.0,Lav nasjonal vekst (LLL),2144994,1540952,1.3919927421490093
2091.0,Lav nasjonal vekst (LLL),2126983,1529864,1.3903085503025105
2092.0,Lav nasjonal vekst (LLL),2108841,1518862,1.388434894019338
2093.0,Lav nasjonal vekst (LLL),2090713,1508415,1.38603302141652
2094.0,Lav nasjonal vekst (LLL),2072636,1497548,1.3840197442753086
2095.0,Lav nasjonal vekst (LLL),2054579,1486778,1.3819003240564496
2096.0,Lav nasjonal vekst (LLL),2036586,1476605,1.3792354759736016
2097.0,Lav nasjonal vekst (LLL),2018672,1465901,1.3770861743050862
2098.0,Lav nasjonal vekst (LLL),2000760,1454926,1.3751627230525814
2099.0,Lav nasjonal vekst (LLL),1982822,1444309,1.372851654320509
2100.0,Lav nasjonal vekst (LLL),1964786,1433927,1.3702134069586527
2022.0,Sterk aldring (LHL),3319573,870963,3.811382343452018
2023.0,Sterk aldring (LHL),3335883,893937,3.7316757221146455
2024.0,Sterk aldring (LHL),3339648,918373,3.6364832154255406
2025.0,Sterk aldring (LHL),3343997,941997,3.549901963594364
2026.0,Sterk aldring (LHL),3347516,966709,3.4627959396260923
2027.0,Sterk aldring (LHL),3352235,991589,3.380669813803905
2028.0,Sterk aldring (LHL),3356938,1016023,3.303998039414462
2029.0,Sterk aldring (LHL),3362961,1040565,3.231860575744908
2030.0,Sterk aldring (LHL),3368855,1065485,3.16180424876934
2031.0,Sterk aldring (LHL),3372163,1091278,3.090104446346394
2032.0,Sterk aldring (LHL),3371001,1118961,3.0126170617206496
2033.0,Sterk aldring (LHL),3368203,1147009,2.936509652496188
2034.0,Sterk aldring (LHL),3362492,1175338,2.8608723618227265
2035.0,Sterk aldring (LHL),3355934,1203294,2.7889559824947185
2036.0,Sterk aldring (LHL),3346974,1232216,2.7162234543294357
2037.0,Sterk aldring (LHL),3337077,1261130,2.6461007191962764
2038.0,Sterk aldring (LHL),3325976,1287569,2.5831438936476414
2039.0,Sterk aldring (LHL),3312356,1314141,2.520548403862295
2040.0,Sterk aldring (LHL),3298188,1339728,2.461834043925334
2041.0,Sterk aldring (LHL),3284761,1362253,2.4112708872727753
2042.0,Sterk aldring (LHL),3274495,1384130,2.365742379689769
2043.0,Sterk aldring (LHL),3258661,1402594,2.323310238030392
2044.0,Sterk aldring (LHL),3244903,1418762,2.2871369546125426
2045.0,Sterk aldring (LHL),3232570,1432668,2.256328751671706
2046.0,Sterk aldring (LHL),3218445,1447974,2.2227229218204196
2047.0,Sterk aldring (LHL),3203652,1463089,2.1896494334931096
2048.0,Sterk aldring (LHL),3187634,1478430,2.1560939645434685
2049.0,Sterk aldring (LHL),3171917,1492665,2.12500259602791
2050.0,Sterk aldring (LHL),3154496,1508047,2.091775654207064
2051.0,Sterk aldring (LHL),3137145,1522332,2.060749560542641
2052.0,Sterk aldring (LHL),3119096,1536486,2.030019147587417
2053.0,Sterk aldring (LHL),3099859,1551061,1.9985409987099154
2054.0,Sterk aldring (LHL),3079179,1566503,1.965638750771623
2055.0,Sterk aldring (LHL),3057603,1582136,1.9325791208846774
2056.0,Sterk aldring (LHL),3033075,1599855,1.8958436858340286
2057.0,Sterk aldring (LHL),3007603,1618118,1.8587043713746463
2058.0,Sterk aldring (LHL),2980781,1637136,1.820729004798624
2059.0,Sterk aldring (LHL),2954507,1654952,1.7852523819421953
2060.0,Sterk aldring (LHL),2928992,1671317,1.7525053595457953
2061.0,Sterk aldring (LHL),2904298,1686244,1.7223474182858471
2062.0,Sterk aldring (LHL),2879730,1700305,1.6936549619038936
2063.0,Sterk aldring (LHL),2854802,1714257,1.6653290609284372
2064.0,Sterk aldring (LHL),2829253,1728089,1.6372148656695344
2065.0,Sterk aldring (LHL),2804769,1740330,1.611630552826188
2066.0,Sterk aldring (LHL),2781333,1750616,1.5887738944462977
2067.0,Sterk aldring (LHL),2756891,1761654,1.5649446486086371
2068.0,Sterk aldring (LHL),2732049,1772408,1.541433462272795
2069.0,Sterk aldring (LHL),2709062,1780391,1.5216107023681877
2070.0,Sterk aldring (LHL),2686652,1787105,1.5033543076651903
2071.0,Sterk aldring (LHL),2662725,1794968,1.4834387019712887
2072.0,Sterk aldring (LHL),2637837,1803250,1.4628237903784833
2073.0,Sterk aldring (LHL),2612527,1811374,1.4422902172604883
2074.0,Sterk aldring (LHL),2585255,1820947,1.419731052029521
2075.0,Sterk aldring (LHL),2557751,1830314,1.3974383630349765
2076.0,Sterk aldring (LHL),2528280,1840996,1.3733218323125091
2077.0,Sterk aldring (LHL),2497648,1852180,1.3484909674005767
2078.0,Sterk aldring (LHL),2467566,1862106,1.3251479776124453
2079.0,Sterk aldring (LHL),2438630,1869975,1.304097648364283
2080.0,Sterk aldring (LHL),2409888,1877124,1.2838192895088443
2081.0,Sterk aldring (LHL),2382527,1882725,1.2654673412208368
2082.0,Sterk aldring (LHL),2355256,1887353,1.2479149369513811
2083.0,Sterk aldring (LHL),2328187,1890977,1.2312085234246635
2084.0,Sterk aldring (LHL),2301137,1893876,1.2150410058525478
2085.0,Sterk aldring (LHL),2276230,1893981,1.2018230383514934
2086.0,Sterk aldring (LHL),2252641,1891884,1.190686638292834
2087.0,Sterk aldring (LHL),2229420,1889249,1.1800562022263874
2088.0,Sterk aldring (LHL),2207376,1884905,1.1710807706489186
2089.0,Sterk aldring (LHL),2182447,1882806,1.1591459768027084
2090.0,Sterk aldring (LHL),2164739,1873552,1.1554197588324209
2091.0,Sterk aldring (LHL),2146636,1864224,1.1514903788385944
2092.0,Sterk aldring (LHL),2128412,1855176,1.1472830610141571
2093.0,Sterk aldring (LHL),2110218,1845502,1.1434384790696515
2094.0,Sterk aldring (LHL),2092043,1835814,1.139572418556564
2095.0,Sterk aldring (LHL),2073915,1825653,1.1359853159390092
2096.0,Sterk aldring (LHL),2055842,1815139,1.1326085770841792
2097.0,Sterk aldring (LHL),2037847,1805023,1.1289867220528491
2098.0,Sterk aldring (LHL),2019861,1794812,1.1253886200894578
2099.0,Sterk aldring (LHL),2001835,1784901,1.121538393445911
2100.0,Sterk aldring (LHL),1983736,1774457,1.1179397415660115
2022.0,Svak aldring (HLH),3319573,870963,3.811382343452018
2023.0,Svak aldring (HLH),3365392,892195,3.7720363821810254
2024.0,Svak aldring (HLH),3392926,914199,3.7113648122564125
2025.0,Svak aldring (HLH),3412787,934925,3.650332379602642
2026.0,Svak aldring (HLH),3424609,956270,3.5812155562759473
2027.0,Svak aldring (HLH),3438288,977411,3.5177504652597524
2028.0,Svak aldring (HLH),3452430,997823,3.4599623380098476
2029.0,Svak aldring (HLH),3468396,1018108,3.4067073434252553
2030.0,Svak aldring (HLH),3484699,1038552,3.3553437863486857
2031.0,Svak aldring (HLH),3498787,1059604,3.301976021230573
2032.0,Svak aldring (HLH),3508616,1082311,3.2417817059976293
2033.0,Svak aldring (HLH),3517035,1105189,3.182292802407552
2034.0,Svak aldring (HLH),3522996,1128256,3.122514748425889
2035.0,Svak aldring (HLH),3528447,1150797,3.06608984903506
2036.0,Svak aldring (HLH),3531902,1174129,3.0081038795566757
2037.0,Svak aldring (HLH),3534815,1197256,2.9524303908270246
2038.0,Svak aldring (HLH),3537015,1218047,2.903841148986862
2039.0,Svak aldring (HLH),3537096,1238712,2.8554627710073044
2040.0,Svak aldring (HLH),3537048,1258609,2.8102834160569325
2041.0,Svak aldring (HLH),3538115,1275727,2.7734107689184286
2042.0,Svak aldring (HLH),3542842,1292011,2.74211442472239
2043.0,Svak aldring (HLH),3551849,1305028,2.7216649757706346
2044.0,Svak aldring (HLH),3564466,1316060,2.7084373052900323
2045.0,Svak aldring (HLH),3580219,1325178,2.701689131573268
2046.0,Svak aldring (HLH),3595520,1335591,2.692081632775303
2047.0,Svak aldring (HLH),3611236,1346190,2.6825604112346695
2048.0,Svak aldring (HLH),3626715,1357197,2.6722097086863585
2049.0,Svak aldring (HLH),3643363,1367366,2.6645119156100123
2050.0,Svak aldring (HLH),3659070,1378587,2.6542176881110877
2051.0,Svak aldring (HLH),3675669,1389355,2.645593818714439
2052.0,Svak aldring (HLH),3692380,1400171,2.6370921837404144
2053.0,Svak aldring (HLH),3708744,1411732,2.6270878608687767
2054.0,Svak aldring (HLH),3724525,1424149,2.615263571438101
2055.0,Svak aldring (HLH),3740078,1437303,2.602149998991166
2056.0,Svak aldring (HLH),3753482,1453026,2.5832173684435102
2057.0,Svak aldring (HLH),3766712,1469688,2.5629330851173853
2058.0,Svak aldring (HLH),3779715,1487019,2.5418067960126938
2059.0,Svak aldring (HLH),3793360,1503946,2.522271411340567
2060.0,Svak aldring (HLH),3807771,1519878,2.505313584379799
2061.0,Svak aldring (HLH),3822966,1534821,2.4908220567740473
2062.0,Svak aldring (HLH),3838198,1550042,2.476189677440998
2063.0,Svak aldring (HLH),3853001,1565299,2.4615111873194833
2064.0,Svak aldring (HLH),3867154,1580803,2.4463225335478236
2065.0,Svak aldring (HLH),3882392,1595361,2.4335507762819826
2066.0,Svak aldring (HLH),3898830,1608610,2.4237260740639432
2067.0,Svak aldring (HLH),3914600,1622304,2.412987948004813
2068.0,Svak aldring (HLH),3930409,1636211,2.4021406774554137
2069.0,Svak aldring (HLH),3948539,1648021,2.39592760043713
2070.0,Svak aldring (HLH),3967920,1658725,2.3921505975975523
2071.0,Svak aldring (HLH),3986564,1670793,2.386031064291028
2072.0,Svak aldring (HLH),4005037,1683379,2.3791653572962477
2073.0,Svak aldring (HLH),4023918,1696087,2.372471459306038
2074.0,Svak aldring (HLH),4041872,1710481,2.363003155252821
2075.0,Svak aldring (HLH),4060765,1724021,2.3554034434615354
2076.0,Svak aldring (HLH),4078915,1739182,2.3453065866597056
2077.0,Svak aldring (HLH),4097075,1755050,2.3344491609925644
2078.0,Svak aldring (HLH),4116942,1769679,2.3263778346242456
2079.0,Svak aldring (HLH),4138969,1782339,2.3222119922192133
2080.0,Svak aldring (HLH),4162127,1794333,2.319595638044889
2081.0,Svak aldring (HLH),4187494,1804180,2.320995687791684
2082.0,Svak aldring (HLH),4213825,1813135,2.324054744958318
2083.0,Svak aldring (HLH),4241100,1821829,2.327935278228637
2084.0,Svak aldring (HLH),4269096,1830187,2.3326009855823475
2085.0,Svak aldring (HLH),4299839,1835870,2.3421260764651093
2086.0,Svak aldring (HLH),4332486,1840649,2.3537817367678464
2087.0,Svak aldring (HLH),4365976,1844746,2.3667084791076927
2088.0,Svak aldring (HLH),4401070,1847948,2.381598399954977
2089.0,Svak aldring (HLH),4433678,1853769,2.3917100782244174
2090.0,Svak aldring (HLH),4465332,1860662,2.399861984605479
2091.0,Svak aldring (HLH),4495852,1869324,2.405068356261408
2092.0,Svak aldring (HLH),4525267,1879408,2.4078151205060316
2093.0,Svak aldring (HLH),4553987,1891165,2.408032614816793
2094.0,Svak aldring (HLH),4582310,1903222,2.407659222098105
2095.0,Svak aldring (HLH),4610298,1916079,2.4061106039991045
2096.0,Svak aldring (HLH),4637961,1930328,2.4026802698815954
2097.0,Svak aldring (HLH),4665419,1944597,2.399170110825019
2098.0,Svak aldring (HLH),4692604,1959223,2.3951352143171043
2099.0,Svak aldring (HLH),4719463,1974967,2.3896414471735477
2100.0,Svak aldring (HLH),4745938,1991711,2.382844699858564
